/*
 Navicat Premium Data Transfer

 Source Server         : mysql
 Source Server Type    : MySQL
 Source Server Version : 50721
 Source Host           : localhost:3306
 Source Schema         : springboot-vue

 Target Server Type    : MySQL
 Target Server Version : 50721
 File Encoding         : 65001

 Date: 20/04/2022 15:17:24
*/

SET NAMES utf8mb4;
SET FOREIGN_KEY_CHECKS = 0;

-- ----------------------------
-- Table structure for detail
-- ----------------------------
DROP TABLE IF EXISTS `detail`;
CREATE TABLE `detail`  (
  `id` int(11) NOT NULL AUTO_INCREMENT COMMENT 'id',
  `title` varchar(255) CHARACTER SET utf8mb4 COLLATE utf8mb4_unicode_ci NULL DEFAULT NULL COMMENT '标题',
  `content` longblob NULL COMMENT '内容',
  `date` timestamp NULL DEFAULT CURRENT_TIMESTAMP COMMENT '日期',
  PRIMARY KEY (`id`) USING BTREE
) ENGINE = InnoDB AUTO_INCREMENT = 16 CHARACTER SET = utf8mb4 COLLATE = utf8mb4_unicode_ci ROW_FORMAT = DYNAMIC;

-- ----------------------------
-- Records of detail
-- ----------------------------
INSERT INTO `detail` VALUES (1, '应急科普小课堂第一讲 <<预防中毒窒息>>', 0x22E5AE89E5AE89E2809D20E2809CE585A8E585A8E2809D20E5BA94E680A5E7A791E699AEE5B08FE8AFBEE5A082E7ACACE4B880E8AEB2, '2022-02-08 09:58:47');
INSERT INTO `detail` VALUES (2, '湖北仙桃蓝化有机硅有限公司 “8·3” 闪爆事故', 0xE6B996E58C97E4BB99E6A183E8939DE58C96E69C89E69CBAE7A185E69C89E99990E585ACE58FB820E2809C38C2B733E2809D20E997AAE78886E4BA8BE6958532303230E5B9B438E69C8833E697A53137E697B63339E58886E5B7A6E58FB3EFBC8CE6B996E58C97E79C81E4BB99E6A183E5B882E8939DE58C96E69C89E69CBAE7A185E69C89E99990E585ACE58FB8E794B2E59FBAE4B889E4B881E985AEE8829FE59FBAE7A185E783B7E8BDA6E997B4E58F91E7949FE78886E782B8E4BA8BE69585EFBC8CE980A0E6889036E4BABAE6ADBBE4BAA1E3808134E4BABAE58F97E4BCA4E38082E58F91E7949FE78886E782B8E79A84E8A385E7BDAEE69CAAE7BB8FE6ADA3E8A784E8AEBEE8AEA1EFBC8CE8BF9DE6B395E7A781E887AAE7BB84E7BB87E5BBBAE8AEBEE5BC80E5B7A5EFBC8CE59CA8E8AF95E7949FE4BAA7E8BF87E7A88BE4B8ADE58F91E7949FE4BA8BE69585E38082E68DAEE5889DE6ADA5E8B083E69FA5EFBC8CE58F91E7949FE58E9FE59BA0E698AFEFBC8CE6938DE4BD9CE5B7A5E59CA8E6B885E79086E58886E5B182E5A194E58685E7A7AFE6B6B2E697B6EFBC8CE6B2A1E69C89E5BDBBE5BA95E5B086E58886E5B182E5A194E5BA95E983A8E4B881E985AEE8829FE79B90E985B8E79B90E68E92E694BEE887B3E89083E58F96E5B7A5E5BA8FEFBC8CE5AFBCE887B4E5A4A7E9878FE4B881E985AEE8829FE79B90E985B8E79B90E99A8FE4B88AE5B182E6B885E6B6B2E8BF9BE585A5E4BAA7E59381E4B8ADE5928CE5B7A5E5BA8FEFBC8CE8BF9BE585A53123E99D99E7BDAEE6A7BDE7BBA7E7BBADE58F8DE5BA94EFBC8CE58F8DE5BA94E783ADE9878FE59CA8E99D99E7BDAEE6A7BDE4B8ADE7B4AFE7A7AFEFBC8CE99D99E7BDAEE6A7BDE6B2A1E69C89E6B8A9E5BAA6E79B91E6B58BE58F8AE9998DE6B8A9E68EAAE696BDEFBC8CE4B881E985AEE8829FE79B90E985B8E79B90E58F91E7949FE58886E8A7A3E78886E782B8E38082E4BA8BE69585E8B083E69FA5E5B7A5E4BD9CE4BB8DE59CA8E8BF9BE8A18CE4B8ADE38082E4B8BBE8A681E69599E8AEADEFBC9AE6938DE4BD9CE4BABAE59198E5AE89E585A8E9A38EE999A9E8BEA8E8AF86E4B88DE588B0E4BD8DEFBC8CE5AFB9E4B881E985AEE8829FE79B90E985B8E79B90E58DB1E999A9E680A7E8AEA4E8AF86E4B88DE8B6B3EFBC8CE697A0E6938DE4BD9CE8A784E7A88BE38082, '2022-02-08 09:59:28');
INSERT INTO `detail` VALUES (3, '山西孝义山西晋茂能源科技有限公司 ”9.14“ 中毒事故', 0xE5B1B1E8A5BFE5AD9DE4B989E5B1B1E8A5BFE6998BE88C82E883BDE6BA90E7A791E68A80E69C89E99990E585ACE58FB820E2809D392E3134E2809C20E4B8ADE6AF92E4BA8BE6958532303230E5B9B439E69C883134E697A539E697B6E8AEB8EFBC8CE5B1B1E8A5BFE6998BE88C82E883BDE6BA90E7A791E68A80E69C89E99990E585ACE58FB8564F4373E5A484E79086E8A385E7BDAEE58F91E7949FE4B880E8B5B7E69C89E6AF92E6B094E4BD93E6B384E6BC8FE4B8ADE6AF92E4BA8BE69585EFBC8CE980A0E6889034E4BABAE6ADBBE4BAA1E3808131E4BABAE58F97E4BCA4E38082E6A0B9E68DAEE5B1B1E8A5BFE79C81E784A6E58C96E4BAA7E4B89AE694BFE7AD96EFBC8CE8AFA5E4BC81E4B89AE8AEA1E58892E585B3E997ADE98080E587BAE38082E68DAEE5889DE6ADA5E8B083E69FA5EFBC8CE58F91E7949FE58E9FE59BA0E698AFEFBC8C564F4373E5B7A5E6AEB5E6938DE4BD9CE4BABAE59198E6938DE4BD9CE4B88DE5BD93EFBC8CE5B086E985B8E6B497E5A194E5BA9FE6B6B2E68E92E585A5E59CB0E6A7BDEFBC8CE58F88E68A8AE7A2B1E6B497E5A194E58685E79A84E7A2B1E680A7E5BA9FE6B6B2E68E92E585A5E59CB0E6A7BDEFBC8CE59CB0E4B88BE6A7BDE58685E985B8E7A2B1E5BA9FE6B6B2E58F91E7949FE58F8DE5BA94EFBC8CE7949FE68890E7A1ABE58C96E6B0A2E6B094E4BD93E6BAA2E695A3E5AFBCE887B4E4BABAE59198E4B8ADE6AF92E38082E4BA8BE69585E8B083E69FA5E5B7A5E4BD9CE4BB8DE59CA8E8BF9BE8A18CE4B8ADE38082E4B8BBE8A681E69599E8AEADEFBC9AE4BA8BE69585E4BC81E4B89AE5AFB9564F4373E6B2BBE79086E8AEBEE696BDE5AE89E585A8E9A38EE999A9E8BEA8E8AF86E4B88DE588B0E4BD8DE38081E6938DE4BD9CE4BABAE59198E68A80E883BDE4B88DE8B6B3E38081E4B8B4E8BF91E585B3E997ADE98080E587BAE5AE89E585A8E7AEA1E79086E69DBEE68788E38082, '2022-02-15 09:52:48');
INSERT INTO `detail` VALUES (4, '内蒙古鄂尔多斯华冶煤焦化有限公司“4·30”火灾事故 ', 0xE58685E89299E58FA4E98482E5B094E5A49AE696AFE58D8EE586B6E785A4E784A6E58C96E69C89E99990E585ACE58FB8E2809C34C2B73330E2809DE781ABE781BEE4BA8BE695852032303230E5B9B434E69C883330E697A538E697B63330E58886E8AEB8EFBC8CE58685E89299E58FA4E98482E5B094E5A49AE696AFE5B882E58D8EE586B6E785A4E784A6E58C96E69C89E99990E585ACE58FB8E58C96E4BAA7E59B9EE694B6E8BDA6E997B4E586B7E9BC93E5B7A5E6AEB53223E794B5E68D95E784A6E6B2B9E599A8E58F91E7949FE78783E78886E4BA8BE69585EFBC8CE980A0E6889034E4BABAE6ADBBE4BAA1EFBC8CE79BB4E68EA5E7BB8FE6B58EE68D9FE5A4B13834332E37E4B887E58583E38082E58F91E7949FE58E9FE59BA0E698AFEFBC8CE4BD9CE4B89AE4BABAE59198E8BF9DE58F8DE5AE89E585A8E4BD9CE4B89AE8A784E5AE9AEFBC8CE59CA83223E794B5E68D95E784A6E6B2B9E599A8E9A1B6E983A8E8BF9BE8A18CE4BD9CE4B89AE697B6EFBC8CE69CAAE69C89E69588E58887E696ADE785A4E6B094E69DA5E6BA90EFBC8CE5AFBCE887B4E785A4E6B094E6BC8FE585A53223E794B5E68D95E784A6E6B2B9E599A8E58685E983A8EFBC8CE4B88EE7A9BAE6B094E5BDA2E68890E69893E78783E69893E78886E6B7B7E59088E6B094E4BD93EFBC8CE4BD9CE4B89AE8BF87E7A88BE4B8ADE4BAA7E7949FE6988EE781ABEFBC8CE58F91E7949FE78783E78886E38082E4B8BBE8A681E69599E8AEADEFBC9AE58D8EE586B6E785A4E784A6E58C96E69C89E99990E585ACE58FB8E5AE89E585A8E7949FE4BAA7E8B4A3E4BBBBE588B6E38081E5AE89E585A8E7949FE4BAA7E8A784E7ABA0E588B6E5BAA6E5928CE6938DE4BD9CE8A784E7A88BE4B88DE581A5E585A8E38081E890BDE5AE9EE4B88DE588B0E4BD8DEFBC8CE5AFB9E785A4E6B094E8AEBEE5A487E7BB84E7BB87E6A380E7BBB4E4BFAEE5898DE69CAAE588B6E5AE9AE6A380E7BBB4E4BFAEE696B9E6A188EFBC8CE69CAAE8BF9BE8A18CE5AE89E585A8E9A38EE999A9E58886E69E90EFBC8CE69CAAE58A9EE79086E789B9E6AE8AE4BD9CE4B89AE5AEA1E689B9E6898BE7BBADEFBC9BE6A380E7BBB4E4BFAEE5B7A5E4BD9CE5AE89E68E92E4B88DE59088E79086EFBC8CE5BDA2E68890E4BAA4E58F89E4BD9CE4B89AEFBC9BE79B91E6B58BE68AA5E8ADA6E8AEBEE696BDE4B88DE5AE8CE5A5BDEFBC8CE4B88DE883BDE6ADA3E5B8B8E4BDBFE794A8EFBC9BE5AE89E585A8E59FB9E8AEADE69599E882B2E4B88DE6B7B1E585A5EFBC8CE4BB8EE4B89AE4BABAE59198E5AE89E585A8E7B4A0E8B4A8E4B88DE9AB98E38082, '2022-02-15 09:53:35');
INSERT INTO `detail` VALUES (5, ' 辽宁葫芦岛辽宁先达农业科学有限公司“2·11”爆炸事故 ', 0x20E8BEBDE5AE81E891ABE88AA6E5B29BE8BEBDE5AE81E58588E8BEBEE5869CE4B89AE7A791E5ADA6E69C89E99990E585ACE58FB8E2809C32C2B73131E2809DE78886E782B8E4BA8BE69585200D0A32303230E5B9B432E69C883131E697A5EFBC8CE4BD8DE4BA8EE8BEBDE5AE81E891ABE88AA6E5B29BE7BB8FE6B58EE5BC80E58F91E58CBAE79A84E8BEBDE5AE81E58588E8BEBEE5869CE4B89AE7A791E5ADA6E69C89E99990E585ACE58FB8E783AFE88D89E985AEE8BDA6E997B4E58F91E7949FE4B880E8B5B7E78886E782B8E4BA8BE69585E38082E6ADA4E6ACA1E4BA8BE69585E585B1E980A0E6889035E4BABAE6ADBBE4BAA1E380813130E4BABAE58F97E4BCA4E3808232303230E5B9B436E69C883234E697A5EFBC8CE5B1B1E4B89CE58588E8BEBEE5869CE58C96E882A1E4BBBDE69C89E99990E585ACE58FB8E5AE98E7BD91E585ACE5B883E4BA86E8AFA5E8B5B7E4BA8BE69585E8B083E69FA5E68AA5E5918AE585ACE5918AE3808220E585ACE5918AE58685E5AEB9E8AFB4E6988EE4BA86E6ADA4E6ACA1E4BA8BE69585E58F91E7949FE79A84E58E9FE59BA0E58F8AE998B2E88C83E68EAAE696BDE5BBBAE8AEAEEFBC8CE58DB1E58FB8E69CBAE5B08FE7BC96E6B187E680BBE4BA8EE6ADA4EFBC8CE5B88CE69C9BE4BB8EE4BA8BE58DB1E58C96E8A18CE4B89AE79A84E4BC81E4B89AE58FAFE4BBA5E5BC95E4BBA5E4B8BAE68892E38082, '2022-02-15 09:53:38');
INSERT INTO `detail` VALUES (6, ' 浙江衢州中天东方氟硅材料有限公司“11·9”火灾事故 ', 0x20E6B599E6B19FE8A1A2E5B79EE4B8ADE5A4A9E4B89CE696B9E6B09FE7A185E69D90E69699E69C89E99990E585ACE58FB8E2809C3131C2B739E2809DE781ABE781BEE4BA8BE695852032303230E5B9B43131E69C8839E697A53131E697B63137E58886E8AEB8EFBC8CE6B599E6B19FE79C81E8A1A2E5B79EE5B882E4B8ADE5A4A9E4B89CE696B9E6B09FE7A185E69D90E69699E69C89E99990E585ACE58FB8E58F91E7949FE781ABE781BEE4BA8BE69585EFBC8CE8BF87E781ABE99DA2E7A7AFE7BAA632303030E5B9B3E696B9E7B1B3EFBC8CE899BDE69CAAE980A0E68890E4BABAE59198E4BCA4E4BAA1EFBC8CE4BD86E980A0E68890E8BE83E5A4A7E7A4BEE4BC9AE5BDB1E5938DE38082E68DAEE5889DE6ADA5E8B083E69FA5EFBC8CE58F91E7949FE58E9FE59BA0E698AFEFBC8CE4BA8BE69585E4BC81E4B89A3323E5A086E59CBAE794A8E590A8E6A1B6E582A8E5AD98E79A84E794B2E59FBAE6B0AFE7A185E783B7E9AB98E6B2B8E789A9E6B384E6BC8FEFBC8CE4BD9CE4B89AE4BABAE59198E4BDBFE794A8E7869FE79FB3E781B0E7B289E4B8ADE5928CE6B384E6BC8FE587BAE79A84E9AB98E6B2B8E789A9EFBC8CE5B9B6E5B086E4B8ADE5928CE5908EE79A84E6B7B7E59088E789A9E8A385E585A5E5A191E69699E7BC96E7BB87E8A28BEFBC8CE79FB3E781B0E7B289E4B88EE9AB98E6B2B8E789A9E7BBA7E7BBADE58F8DE5BA94EFBC8CE694BEE587BAE783ADE9878FE38081E99B86E8819AEFBC88E794B2E59FBAE6B0AFE7A185E783B7E9AB98E6B2B8E789A9E98187E6B9BFE38081E98187E7A2B1E589A7E78388E58F8DE5BA94E5B9B6E694BEE783ADEFBC89EFBC8CE887B4E4BDBFE6B7B7E59088E789A9E5928CE7BC96E7BB87E8A28BE8B5B7E781ABE78783E783A7EFBC8CE5BC95E78783E5B9B6E783A7E6AF81E4B8B4E8BF91E79A84E585B6E4BB96E590A8E6A1B6EFBC8CE5AFBCE887B4E5A4A7E9878FE9AB98E6B2B8E789A9E6B384E6BC8FEFBC8CE980A0E68890E8BF87E781ABE99DA2E7A7AFE689A9E5A4A7E38082E4BA8BE69585E8B083E69FA5E5B7A5E4BD9CE4BB8DE59CA8E8BF9BE8A18CE4B8ADE38082E4B8BBE8A681E69599E8AEADEFBC9AE4BA8BE69585E4BC81E4B89AE5AE89E585A8E6848FE8AF86E5928CE6B395E588B6E6848FE8AF86E6B7A1E89684E38081E8BF9DE8A784E794A8E4B899E7B1BBE4BB93E5BA93E582A8E5AD98E794B2E7B1BBE58DB1E999A9E58C96E5ADA6E59381EFBC9BE6938DE4BD9CE4BABAE59198E5AE89E585A8E79FA5E8AF86E4B88DE8B6B3EFBC8CE5AFB9E794B2E59FBAE6B0AFE7A185E783B7E9AB98E6B2B8E789A9E58DB1E999A9E789B9E680A7E4B88DE68E8CE68FA1EFBC8CE79BB2E79BAEE4BDBFE794A8E7869FE79FB3E781B0E7B289E4B8ADE5928CE38082, '2022-02-15 09:54:56');
INSERT INTO `detail` VALUES (7, ' 湖北天门楚天生物科技有限公司“9·28”爆炸事故 ', 0x20E6B996E58C97E5A4A9E997A8E6A59AE5A4A9E7949FE789A9E7A791E68A80E69C89E99990E585ACE58FB8E2809C39C2B73238E2809DE78886E782B8E4BA8BE695852032303230E5B9B439E69C883238E697A53134E697B63037E58886E5B7A6E58FB3EFBC8CE6B996E58C97E79C81E5A4A9E997A8E5B882E6A59AE5A4A9E7949FE789A9E7A791E68A80E69C89E99990E585ACE58FB8E58F91E7949FE78886E782B8E4BA8BE69585EFBC8CE980A0E6889036E4BABAE6ADBBE4BAA1E3808131E4BABAE58F97E4BCA4E38082E68DAEE5889DE6ADA5E8B083E69FA5EFBC8CE58F91E7949FE58E9FE59BA0E698AFEFBC8CE59CA8E8BF9BE8A18CE58E8BE6BBA4E8AF95E9AA8CE697B6EFBC8CE99D99E794B5E5BC95E78783E58DB1E999A9E789A9E69699E58886E8A7A3E78886E782B8E38082E4BA8BE69585E8B083E69FA5E5B7A5E4BD9CE4BB8DE59CA8E8BF9BE8A18CE4B8ADE38082E4B8BBE8A681E69599E8AEADEFBC9AE58F91E7949FE78886E782B8E79A84E8A385E7BDAEE98787E794A8E79A84E5B7A5E889BAE68A80E69CAFE69DA5E887AAE6B2BFE6B5B7E79C81E4BBBDEFBC8CE794B1E4BA8EE58F8DE5BA94E5908EE789A9E69699E78EAFE4BF9DE5A484E79086E8BEBEE4B88DE588B0E8A681E6B182E8BDACE7A7BBE887B3E8AFA5E59CB0E58CBAEFBC8CE4BA8BE69585E4BC81E4B89AE59CA8E4B88DE4BA86E8A7A3E789A9E69699E58DB1E999A9E789B9E680A7E79A84E68385E586B5E4B88BEFBC8CE7A781E887AAE691B8E7B4A2E8AF95E9AA8CEFBC8CE58E8BE6BBA4E8BF87E7A88BE4B8ADE58F91E7949FE78886E782B8E38082, '2022-02-15 09:55:18');
INSERT INTO `detail` VALUES (8, ' 甘肃张掖耀邦化工科技有限公司“9·14”中毒事故 ', 0x20E79498E88283E5BCA0E68E96E88080E982A6E58C96E5B7A5E7A791E68A80E69C89E99990E585ACE58FB8E2809C39C2B73134E2809DE4B8ADE6AF92E4BA8BE695852032303230E5B9B439E69C883134E697A53232E697B63031E58886EFBC8CE4BD8DE4BA8EE79498E88283E79C81E5BCA0E68E96E5B882E9AB98E58FB0E58EBFE79B90E6B1A0E5B7A5E4B89AE59BADE58CBAE79A84E5BCA0E68E96E88080E982A6E58C96E5B7A5E7A791E68A80E69C89E99990E585ACE58FB8E6B1A1E6B0B4E5A484E79086E58E82E58F91E7949FE7A1ABE58C96E6B0A2E6B094E4BD93E4B8ADE6AF92E4BA8BE69585EFBC8CE980A0E6889033E4BABAE6ADBBE4BAA1EFBC8CE79BB4E68EA5E7BB8FE6B58EE68D9FE5A4B1343530E4B887E58583E38082E58F91E7949FE58E9FE59BA0E698AFEFBC8CE4BC81E4B89AE6B1A1E6B0B4E5A484E79086E58E82E5BD93E78FADE4BABAE59198E8BF9DE58F8DE6938DE4BD9CE8A784E7A88BE5B086E79B90E985B8E5BFABE9809FE58AA0E585A5E590ABE69C89E5A4A7E9878FE7A1ABE58C96E789A9E79A84E5BA9FE6B0B4E6B1A0E58685E8BF9BE8A18CE4B8ADE5928CEFBC8CE887B4E4BDBFE5A4A7E9878FE7A1ABE58C96E6B0A2E6B094E4BD93E79FADE697B6E997B4E58685E5BFABE9809FE6BAA2E587BAEFBC8CE5BD93E78FADE4BABAE59198E59CA8E69CAAE7A9BFE688B4E5AE89E585A8E998B2E68AA4E794A8E59381E79A84E68385E586B5E4B88BE58692E999A9E8BF9BE585A5E58DB1E999A9E59CBAE68980EFBC8CE590B8E585A5E9AB98E6B593E5BAA6E79A84E7A1ABE58C96E6B0A2E7AD89E69C89E6AF92E6B7B7E59088E6B094E4BD93EFBC8CE5AFBCE887B4E4BABAE59198E4B8ADE6AF92E38082E4B8BBE8A681E69599E8AEADEFBC9AE8AFA5E9A1B9E79BAEE78EAFE5A283E5BDB1E5938DE8AF84E4BBB7E69687E4BBB6E69CAAE4BE9DE6B395E7BB8FE5AEA1E689B9E983A8E997A8E5AEA1E69FA5E689B9E58786EFBC8CE69385E887AAE5BC80E5B7A5E5BBBAE8AEBEE5B9B6E68A95E585A5E4BDBFE794A8EFBC9BE4BC81E4B89AE69385E887AAE694B9E58F98E7949FE4BAA7E5BA9FE6B0B4E5A484E79086E5B7A5E889BAE5928CE696B9E5BC8FEFBC8CE8AEBEE8AEA1E5A484E79086E696B9E5BC8FE4B8BAE6B1A1E6B0B4E5A484E79086E4B8ADE5928CE8BDA6E997B4E4B8ADE5928CE9879CE58F8DE5BA94E5A484E79086EFBC8CE4BA8E32303230E5B9B439E69C883131E697A5E69385E887AAE5B086E6B1A1E6B0B4E5A484E79086E696B9E5BC8FE58F98E69BB4E4B8BAE5BA9FE6B0B4E6B1A0E4B8ADE5928CE5A484E79086EFBC9BE69CAAE5AFB932303230E5B9B439E69C883133E697A5E4B893E5AEB6E68F90E587BA3135E69DA1E99A90E682A3E997AEE9A298E8BF9BE8A18CE5BDBBE5BA95E695B4E694B9EFBC8CE58DB3E8BF9DE6B395E7BB84E7BB87E8AF95E7949FE4BAA7EFBC9BE5AE89E585A8E69599E882B2E59FB9E8AEADE588B6E5BAA6E5928CE5AE89E585A8E7AEA1E79086E8818CE8B4A3E69CAAE890BDE5AE9EEFBC8CE99A90E682A3E68E92E69FA5E6B2BBE79086E4B88DE5BDBBE5BA95E38082, '2022-02-15 09:55:53');

-- ----------------------------
-- Table structure for dict
-- ----------------------------
DROP TABLE IF EXISTS `dict`;
CREATE TABLE `dict`  (
  `name` varchar(255) CHARACTER SET utf8mb4 COLLATE utf8mb4_unicode_ci NULL DEFAULT NULL COMMENT '名称',
  `value` varchar(255) CHARACTER SET utf8mb4 COLLATE utf8mb4_unicode_ci NULL DEFAULT NULL COMMENT '内容',
  `type` varchar(255) CHARACTER SET utf8mb4 COLLATE utf8mb4_unicode_ci NULL DEFAULT NULL COMMENT '类型'
) ENGINE = InnoDB CHARACTER SET = utf8mb4 COLLATE = utf8mb4_unicode_ci ROW_FORMAT = DYNAMIC;

-- ----------------------------
-- Records of dict
-- ----------------------------
INSERT INTO `dict` VALUES ('user', 'el-icon-user', 'icon');
INSERT INTO `dict` VALUES ('file', 'el-icon-files', 'icon');
INSERT INTO `dict` VALUES ('role', 'el-icon-s-custom', 'icon');
INSERT INTO `dict` VALUES ('menu', 'el-icon-menu', 'icon');
INSERT INTO `dict` VALUES ('home', 'el-icon-house', 'icon');
INSERT INTO `dict` VALUES ('system', 'el-icon-s-grid', 'icon');
INSERT INTO `dict` VALUES ('report', 'el-icon-s-promotion\r\nel-icon-s-promotion\r\nel-icon-s-promotion', 'icon');
INSERT INTO `dict` VALUES ('detail', 'el-icon-warning', 'icon');
INSERT INTO `dict` VALUES ('video', 'el-icon-video-play', 'icon');

-- ----------------------------
-- Table structure for feedback
-- ----------------------------
DROP TABLE IF EXISTS `feedback`;
CREATE TABLE `feedback`  (
  `id` int(11) NOT NULL AUTO_INCREMENT COMMENT 'id',
  `content` varchar(255) CHARACTER SET utf8mb4 COLLATE utf8mb4_unicode_ci NULL DEFAULT NULL COMMENT '内容',
  `create_time` datetime NULL DEFAULT CURRENT_TIMESTAMP COMMENT '反馈时间',
  `update_time` datetime NULL DEFAULT CURRENT_TIMESTAMP ON UPDATE CURRENT_TIMESTAMP COMMENT '更新时间',
  PRIMARY KEY (`id`) USING BTREE
) ENGINE = InnoDB AUTO_INCREMENT = 8 CHARACTER SET = utf8mb4 COLLATE = utf8mb4_unicode_ci ROW_FORMAT = Dynamic;

-- ----------------------------
-- Records of feedback
-- ----------------------------
INSERT INTO `feedback` VALUES (6, '123456', '2022-03-17 17:20:12', '2022-03-17 17:20:12');
INSERT INTO `feedback` VALUES (7, '大大', '2022-03-17 17:55:40', '2022-03-17 17:55:40');

-- ----------------------------
-- Table structure for file
-- ----------------------------
DROP TABLE IF EXISTS `file`;
CREATE TABLE `file`  (
  `id` int(11) NOT NULL AUTO_INCREMENT COMMENT 'id',
  `name` varchar(255) CHARACTER SET utf8mb4 COLLATE utf8mb4_unicode_ci NOT NULL COMMENT '文件名称',
  `type` varchar(255) CHARACTER SET utf8mb4 COLLATE utf8mb4_unicode_ci NULL DEFAULT NULL COMMENT '文件类型',
  `size` bigint(20) NULL DEFAULT NULL COMMENT '文件大小(kb)',
  `url` varchar(255) CHARACTER SET utf8mb4 COLLATE utf8mb4_unicode_ci NULL DEFAULT NULL COMMENT '下载链接',
  `md5` varchar(255) CHARACTER SET utf8mb4 COLLATE utf8mb4_unicode_ci NULL DEFAULT NULL COMMENT '文件MD5',
  `is_delete` tinyint(1) NULL DEFAULT 0 COMMENT '是否删除',
  `enable` tinyint(1) NULL DEFAULT 1 COMMENT '是否禁用链接',
  PRIMARY KEY (`id`) USING BTREE
) ENGINE = InnoDB AUTO_INCREMENT = 24 CHARACTER SET = utf8mb4 COLLATE = utf8mb4_unicode_ci ROW_FORMAT = DYNAMIC;

-- ----------------------------
-- Records of file
-- ----------------------------
INSERT INTO `file` VALUES (6, '3c33af428fb9c7694af03e3f72996ef3_t.gif', 'gif', 3, 'http://localhost:8088/file/26514211bc8842c69a2b003777834f35.gif', 'b21e5103a459df2f3502601e84eae9d0', 0, 1);
INSERT INTO `file` VALUES (7, '3c33af428fb9c7694af03e3f72996ef3_t - 副本.gif', 'gif', 3, 'http://localhost:8088/file/26514211bc8842c69a2b003777834f35.gif', 'b21e5103a459df2f3502601e84eae9d0', 0, 0);
INSERT INTO `file` VALUES (8, 'b66dd8948c9c4174c08fbaa02a8083e4_t.gif', 'gif', 10, 'http://localhost:8088/file/f0de4fe258ab467692fb3c080defc9d4.gif', 'fc7c544528f00393c4c50edd656efffc', 0, 1);
INSERT INTO `file` VALUES (9, '404.jpg', 'jpg', 24, 'http://localhost:8088/file/9e65085b79554f66a752b8e34afb99fa.jpg', '86b404080d312c43e2e9fcf98289a35c', 0, 1);
INSERT INTO `file` VALUES (10, '068a095ce74aea54189bbf83b8cc39a8_t.gif', 'gif', 3, 'http://localhost:8088/file/71ae1a4d8c4446d0ab0c6d506a3a4509.gif', 'c89f943f64f3c795591de27c29069efc', 0, 1);
INSERT INTO `file` VALUES (11, '068a095ce74aea54189bbf83b8cc39a8_t.gif', 'gif', 3, 'http://localhost:8088/file/71ae1a4d8c4446d0ab0c6d506a3a4509.gif', 'c89f943f64f3c795591de27c29069efc', 0, 1);
INSERT INTO `file` VALUES (12, '068a095ce74aea54189bbf83b8cc39a8_t.gif', 'gif', 3, 'http://localhost:8088/file/71ae1a4d8c4446d0ab0c6d506a3a4509.gif', 'c89f943f64f3c795591de27c29069efc', 0, 1);
INSERT INTO `file` VALUES (13, '60d12b1c04a55565df440ac74565aafb_t.gif', 'gif', 19, 'http://localhost:8088/file/f214d64e60eb46e0bdc46b1cf3728a0e.gif', 'b142120f726451df0ca953f20a271b23', 0, 1);
INSERT INTO `file` VALUES (14, '068a095ce74aea54189bbf83b8cc39a8_t.gif', 'gif', 3, 'http://localhost:8088/file/71ae1a4d8c4446d0ab0c6d506a3a4509.gif', 'c89f943f64f3c795591de27c29069efc', 0, 1);
INSERT INTO `file` VALUES (15, '01-H5泛指的什么.mp4', 'mp4', 25521, 'http://localhost:8088/file/93c3172d38484a1097f7b4db4b9b739d.mp4', 'ab4845dcd878097986da5613b3c92145', 0, 1);
INSERT INTO `file` VALUES (16, '如何信息上报.png', 'png', 287, 'http://localhost:8088/file/5ca40b0901f5483da03bcd652e94cd14.png', '062ab1f131edbdfc0778fb0025d3eec1', 0, 1);
INSERT INTO `file` VALUES (17, '如何修改密码.png', 'png', 11, 'http://localhost:8088/file/2a8d8b480e974d0cbeb314ce86c16876.png', 'ce7c92c526f58c23486ad3f2bdde17f7', 0, 1);
INSERT INTO `file` VALUES (18, '去个人信息中修改密码.png', 'png', 12, 'http://localhost:8088/file/88109b0cfc554bf6a154e4ae6abd3040.png', '53ff96662981d7823bdb372e79dca925', 0, 1);
INSERT INTO `file` VALUES (19, '验证登录.png', 'png', 22, 'http://localhost:8088/file/93c214ec7b9b4728af89b30b5050f51b.png', '2211202e3f6a43bd3a6ee755f58650c0', 0, 1);
INSERT INTO `file` VALUES (20, '点击编辑.png', 'png', 18, 'http://localhost:8088/file/40d5a7e2b5874253b6b8b549cab0e82a.png', '8d66cb3d7e1fb953676b1b0ff54bc48e', 0, 1);
INSERT INTO `file` VALUES (21, '点击历史记录.png', 'png', 21, 'http://localhost:8088/file/92d607a6efc24810a42f370ca6e35fd7.png', 'd5ed45e7ce38060331623e2b76e42ec0', 0, 1);
INSERT INTO `file` VALUES (22, '信息上报详情.png', 'png', 60, 'http://localhost:8088/file/18844e8d11494adcbd31e278c86da6ba.png', '419e81a8b34e0ecf4a1fb3ee4f885ccd', 0, 1);
INSERT INTO `file` VALUES (23, '如何整改反馈.png', 'png', 237, 'http://localhost:8088/file/afc7cc12cfe346258d56dd98647b467a.png', 'ee117eec444ec0e2ef0826530262f9d7', 0, 1);

-- ----------------------------
-- Table structure for guidance
-- ----------------------------
DROP TABLE IF EXISTS `guidance`;
CREATE TABLE `guidance`  (
  `id` int(11) NOT NULL COMMENT 'id',
  `title` varchar(255) CHARACTER SET utf8mb4 COLLATE utf8mb4_unicode_ci NULL DEFAULT NULL COMMENT '标题',
  `content` varchar(1000) CHARACTER SET utf8mb4 COLLATE utf8mb4_unicode_ci NULL DEFAULT NULL COMMENT '内容',
  `date` timestamp NULL DEFAULT CURRENT_TIMESTAMP COMMENT '日期',
  PRIMARY KEY (`id`) USING BTREE
) ENGINE = InnoDB CHARACTER SET = utf8mb4 COLLATE = utf8mb4_unicode_ci ROW_FORMAT = Dynamic;

-- ----------------------------
-- Records of guidance
-- ----------------------------
INSERT INTO `guidance` VALUES (1, '南阳市应急管理局召开建党100周年安保维稳及安全防范工作视频会议 ', '6月25日，南阳市应急管理局召开建党100周年安保维稳暨安全防范工作视频会议，深入贯彻落实习近平总书记关于应急管理、安全生产和防灾减灾救灾工作重要指示批示精神，传达学习全省紧急视频会议精神和省委省政府、市委市政府主要领导批示和讲话要求，深刻汲取省内外事故教训，对“七一”期间全市应急管理领域安保维稳及安全防范工作进行再安排再部署。', '2022-03-09 16:12:11');

-- ----------------------------
-- Table structure for image
-- ----------------------------
DROP TABLE IF EXISTS `image`;
CREATE TABLE `image`  (
  `id` int(11) NOT NULL AUTO_INCREMENT COMMENT 'id',
  `icon_url` longblob NULL COMMENT '图标地址',
  `icon_text` varchar(255) CHARACTER SET utf8mb4 COLLATE utf8mb4_unicode_ci NULL DEFAULT NULL COMMENT '图标文本',
  `path` varchar(255) CHARACTER SET utf8mb4 COLLATE utf8mb4_unicode_ci NULL DEFAULT NULL COMMENT '路径',
  PRIMARY KEY (`id`) USING BTREE
) ENGINE = InnoDB AUTO_INCREMENT = 7 CHARACTER SET = utf8mb4 COLLATE = utf8mb4_unicode_ci ROW_FORMAT = DYNAMIC;

-- ----------------------------
-- Records of image
-- ----------------------------
INSERT INTO `image` VALUES (1, 0x646174613A696D6167652F706E673B6261736536342C6956424F5277304B47676F414141414E535568455567414141454141414142414341594141414371615848654141414475556C45515652346E4E31627A5A477A50417A3259613138527770594B79356853396753556B4A4B53416C306B424A53516B704943543474646B365551416E37486F424D674943785A4D667370786E4E35424B506E736567663452494C45614C776E352B664665344F316D45307145384F79567644734534684B5A54342F5A7776534E634C454A706C547A617A342F76314C596C45364E4655536B34754431634F34432F5A4E3344315370354E466F55755845746974476973456F656E32365744747044526D3673453747664839386438506967583275394353497941422B7279554B4530614C6F3375396377496571354D33712F2F52627750396F2B655551367579677039723861506D564648796C344F42534F626849577548756C4152384738507A4131796A4671474D4376364F634D6B4E4B6C695676455542582B48756C42304D55653849467862344C72484A446F536A3544445A6566744E4F377931476877646A4261463232616F6F326F546C4363516B68786A4563704B776545743276716C734174613678533757423930634B354B4C6653694B6755482F364674725237333045545376616F68543271396547447737535038766930486E784558364B686E6F304C485A6E426C7432526333786A6871492F6759462B41304C77386942727A50635A464B5A5758586A4D4341612F7242577035753052417042533657656F50556768775931394163436172434F6A50357572532B5551436872364C34767A57457042617141514D58674E4F6479636A39745A326173613668367351347648346B33502B7A506A70424344384769324B7672464A4F75437645324356504C4C722F53586A6A4262466A355A66617A514841525875546B6B4A434579726C39505542415259684A4964717A334772552B45694330734467467544316457425041524945546257466D6A31497153525943534E336136536A45367072414951476934422F7776434744312F5649424D316F554665354F436172426F663162664155477338632B59307444514233634155704E77486A77367076794D416B7777714538623457413664525A6E6E332F34524277523769775A33342B514774376868547758414963796A4E372B724E6F58412F496B2B525177584D4A7341676C7178666749324477644D32513841703853464C454961425363474231673377457441592B2B5A675243567A7758414965495A5A544436777A636B72434750776434554A4A68386B45504964586A683959622B695168426A674F51514D776D764B707567734355396B63455A725A414C47475362316F46434452324858634F654B524C764E314C41456735453536666547597778564B51544D5A7065557737674175454B77755A6B6C6E764955354635694469584175305958656D44793563514649625430612B2B464262664A5936326A455353306A6C6D394D4C583146526D72354447346A412B354B4F363061494D61766B664D6E5268745342767947672B33557479437370656E2F2B53653845505839785557686473337A4B4B78312F653476634E3333337953424F30506249343379543659364758445339523062783871526F7469553337686E52394E505573584A75754D34504E384E6A636867724B39486546647A31324A5471516A497432486C4572654E676C384C50316B4E344B66614A79534E34745135697937325649704F46694530694B5562672F586A706A3641624C3962646F71564A3472334A3071425964333350512F577172534F32374C7A663841414141415355564F524B35435949493D, '信息上报', '/information_reported');
INSERT INTO `image` VALUES (2, 0x646174613A696D6167652F706E673B6261736536342C6956424F5277304B47676F414141414E535568455567414141454141414142414341594141414371615848654141414531456C45515652346E4F57627A32766253425448395366345439672F6F5839432F67542F4354706F7A4E3479486C304D755A6A456C3657424845716868594A4C575768757A696B6E4C366137424C6142786F6463556978706A4842436B335652486476794A7262303969425A6C655166737153525232596676497631772F70385A2F526D35756D4E49475273564D53466A6F543356496C6756534A565769496E476971334E4353334E55514D782B55325261524245616D7245716B71694967644365396C2F57795A4752567851536E4A5259704977345745704534526153694969465445426435636134324B754B4167497670614E6A46306C42693857526573492B4539463577353941716E7552434341336A493554595849616949432B37377A516B38374F55572F52582F736831346846396F6946442B30417475554952665A4171766C4F53696C6C4741592B57715248416D384B704571727A68596F68515A51705045616E7A686F727635525954654655696D44394D4D71636C6370494B33706E593841644A34346D4853546661357A726762647754346F344F564D51464C5A39445856493359733054386A584A59655562426B5633724D2F42417A757556327077392F49316B3373704A626B594B59437A5675634C3364302F6745487A4531686A452F773237582B482F756C5A6D6E7654334C662B74316676594E722F4475767353622B4637763542736C3677616C527741682F506C52324230645531674731376F4E6259684F48464A5177764C6D4863766736494D506D714A50306659336E726378377A68352B2F424F442F376571675632714263337148783448656B665231574C706534426E352B36646E594A6D545141746259784E366838634C352F594F6A77506E4A507A5059437877783330756B35372B36566B67324D306552354569544C3471336A6C4A59304667587341722B49586842383150304E302F67436639647130497734744C37336A5349544C774776446F2F737667353865695250414C45493454472F634152427263757638362B4367523945724E757A5A46444842454548484254577A6D43333664434A4F627A6B62586275494B49754A57312F74783446654A3442636A6151436375796F52764455426B7344375262424734352F3074673050373335502F557971524B70625358656C676464514D4F69426263506A5833387A6553364B5343507A4559416C7647564F595044486E7779667239775373707A2F4D3455666D2F42512F386A364751314279796A7A737750776E67444D3577413741673861497344384664676C65413052796A51444E507A385A5A666751554E795733424B56744C664C4A7A4D79443838415970496E636B33762F73333777457379774F5950593579443638683938735269307A51364F6F61374F6B7330414F65394E7463773276496E516D797941564D372F397857763748494241446F6B5467436138684E3033754C6F64543363682B666E614265394137504E3549424E377747764A6C68644B75422B5A64337A6876676F5A4970416935674A386E524E4A6D684F2F6666764267376E35373566322B536F51387747736F56455352356A555958626E35657474654F42595777622B6B35516D766F5642535642434578445043655143307A4F587071624149655944586B4E786D396D484548774439762B7556497A444F6D7A43353654677450783869625A76786B6A612B7236776830684B73444430777934496E765165576151626D41334F7A707A4D41793170495A7479396641333930374E456E6A416A624B79734F343762432F7742634A585A7A3838772B7A47417955304837742B38442F57535775543155525A58684D6779756A6939514B38632B556A74494F7A62443642586A745A653339302F534156766A6332344174444971764F3461584C6A764C6B5237476F52612F42512F356A496C333032572B636246307A397230746B4249487678394B4D504834643862612F4747554A7631467430444C4C51386C4D576B3964504C326264634B4F707936566E5673654B73646977795053594C7252696C5875634673746E386B757378326F48446379327A417874787758555365503972464645484568583346686935756D2F4F594F6B3551664F4B64746332467A59384D32685442556965446362616431684D6979334C626379695634324B69494334345971654F4534554A584D3938546D4B55704A626D6F53715471674A43474B777A3943556D6F7434572B524535556957436C4A42653330644C2F4151704F46475375685645674141414141456C46546B5375516D4343, '整改反馈', '/feedback');
INSERT INTO `image` VALUES (3, 0x646174613A696D6167652F706E673B6261736536342C6956424F5277304B47676F414141414E535568455567414141454141414142414341594141414371615848654141414470556C45515652346E4F3161336248794942436C424575774245757742457577676E424B73414E4C53416D3342457577684A5441544C492B332B394234684145416D524A304F2F757A44377042506177503263586850695450316C64464C416A344544415951434F43746876766164694D6744486F576B754A4F574E704C79546C49716B2F41316F393544796836533844734278362F306E69774A324133416B4B612F61344A43784D616F2B416777463748726754464A3244455A377451664F573976364A7672454F55343756753956414C47423457394162425961424341696F61326A4146597A584145376569613437513266366E55563433574A327470596E39364B476B2F50577236316B584E365638434F4859444B543736734A3143356D4C3970536F7743333235356A432B7A75562B5338746373595653415143336D436751634B4C2F554B5A4B79705544654D474D3145474C6A64374941577351545170756656614D322B34777A75304450576F7141677843764A4A797A6C79374C2B4234344C584A4241344441356F4D35594769616933556757643659484170367730737037743361664C494C54334C45736C796B6B674467536E7A6A43577076536A36396835512F517278366A6B57304F396F4C394F6B6E6E316271695A4355376441306C7834344577426A614F4C372F2B49316F77425948507468766666414B635455464C436E5A395A6E587A2F4B437969523950544157514837694F36775461476F65726753394B4278726B6A782B577165484647612B3038536E5136664E78426379427544556668717454635A572B327644702F6C5961445254484D745861644863645438535A7471744E4D7562376E5A33394D684D666D66795239536D3751674D5570416376725270726B6F594F2F4931703370396872675751397A314838374C46746A2B4A706172763168774E33786D576A3777734F6E505843795145674A7A656977465955576556736F4131786C7576704D556B7A36376C6F417647492F6D38664830656C6B445148415A667A4568584F35786367456A6632784447476435546972416B5143734942614B77734148672B314B6F3051347357333251417746364838695A494E414D7364684C4D552F6B384132425647434F456D484E384B674E4D444F4C4E733751423433794D5135315658785141346A6564636F4849412F444E4334727A35715265414942586D757743704677442F4A536F7247616F554147634A74426270766867414E5475565772445A366747776577756E4C42694B716F6B61414F6842693872515363616D5A354932662B64316679477978754C4B325679734A416C7A686E6E33487956782B4D427A445A30707354324D505761626C515176554635715756693074375952652B785352764A43694B78633047326763586B673978555A626673476B4576545433385539686E42426871562B5550434F493164585A4D546E302B6F3047566C596556394F456D6638555A7756503633676B7976527462512F4B515843554C4E6E6E4262685A4E5170592B6C6935323845345343447969546463336E38685949556466644266572B754D347A4159475667564145594657586A35455677714A4F773233526A56544C5A66524479682F39474B74757731326977626A5373337A4768496D694A392B34456E4434534B506E5A48785031414F6E41546871512F6466616579665643372F414753754D386A506A2F36674141414141456C46546B5375516D4343, '警示案例', '/service');
INSERT INTO `image` VALUES (4, 0x646174613A696D6167652F706E673B6261736536342C6956424F5277304B47676F414141414E5355684555674141414549414141424143415941414143756E4B486A4141414643556C45515652346E4F326250322F69534254414B654A6853797171654843546A6D4B6262564B6C534C48564B67564B65354843423044684331683841434C526F3069305349636F746B4262524C6B6D70644E674F3069526F344175346F3744734368534E72646F747344322B692B654758747373336450656C4A4577506237656562396D356C636A72464951713667374F3864795442666B32472B706B4C755575573561785543535956414E3152545336423344384756416F456F7733784E32643837597631737A4555536367575A427966334546775A68694A714C59476544504D31536367563072594C53307A6A62572B613376676735626C72425149786256734452646E664F7A494178472B38762B6F4B7A35326C6262636C797637656B5448666B774C6756696C56494A4B514B3669517530775267416649554F44654A7770684B4844765651693044426A766E53354A52527244463742786844477044504D31706841324F554332496678553770494A68497A3541317956596F56676A4953306A614C5445756A46416D455866454B5952673676526E545961516757444E706F73736B54457330555761744F6C57635978564B69447A73714639477332554376777A76304E6E35453833594C6A6372464F4F2B6845554649326938386E52366A65627546316B73647565586C396962576578483569365271683666545937546F646E77423243586D5561466A5154444B614F5941586F6433766B61766C7A70614466714F7A78344F44354966466178477736686344415577466576573931694355434851747A5A355749794755626D496E692F4F417747386A52387441505952777867453270714371795851777A5575794C6E68797376746A5164414843436D5968323944752F5138385635364B6A776857446B4456695259745A7352414C7764487138396671304942344F44367958387A7138432F322B49727754496B304C747A5044426142392F49423166526F51713048664D554A586733376F62337A4C645A4C71386D3338614E31774B7462523838573551372F2F383766446B5046766E346A6D7278764531382B2F6F30573367786264447071335737346A79673768346641414E2B52367034644B30484779672F4237572F622F6B777A744942422B4D716C57484C38786664613833534B366C324E36474D5556396F2B7A41474B393144322F6F306D38484E4E4434626D7A72494D7770305755362F714F4350736143576E6A4A51305170714F31587876582B573556652B4E47675544387A344C677557734C42476E4A2F557542734A666D75426C6C6C6B47597066796B576B477A5A734D545662626F7A784371456937575A41334571467A307050742B5553564972514A4D4A577A4A5A52474557395A4C4854756357726B4561656D644E524171424F6A353468777475683030715662516F7474425537474F66622F2F6E6556474A5A7550494676462B715641324D4E6E6C4478694B746252704670783650665A5877346A766F316B6E5035414B694475496269694B73465643414B3754574743325444784254467674394373326642556D64476E687131545256703052576E4D494254656D364174756D6A553038685643584F4A526265446266692F663035385031384E2B72357646516645724E6E7766523653614B46436E7934567A624B2F32796D367857376B70466F4A2F50363833584A3831773369355938766144586F572B6F3376657A584A72444275323241706F4E74762F6D6B576B486178772B424945796469765651494453744F7663495858513734615042623575693062794E424F4C6838414462674B6C59442B794330793777324F2B503162774E576947506B6C69526772414443525053647637622B42456E4F675876706F6E5371614946595770514A49703745586A72744B434E486E4743554B467A34576939314E484C3751326A566136514A543953702B6E4F4D4847635A52595565793833626A58717A6A436A3168674A715961397931385233676B344639325759624B613231475665444D716267527878322F47637A75353057434B6B56646F47586A34754A522B6E7A6275464E6B466C586C77516758426772485A574A613649644530706E335A7537774632644634695550533248635A6730704D447353527476525331524C6F4D5430567541732B49374654674A6B2B797054305154644A7942557935546434376A72566B38504756456C7A6447695A4F69567339444B53424B4A6E436F42625A4A69764D6437554C696B51694A6B4634425A4A7942566967714B6235384554502B444B516D51656E43675169416F45346A3045567759677A544A32383765303262544358636F7758314E3437697A4A4E2F3844776C6875464F6F416D2F3441414141415355564F524B35435949493D, '安全通报', '/guidance');
INSERT INTO `image` VALUES (5, 0x646174613A696D6167652F706E673B6261736536342C6956424F5277304B47676F414141414E535568455567414141454141414142414341594141414371615848654141414638306C4551565234587532626132785552525448663263724E6A484742344B41515445476946452F47456B456A6441744774346B416B496F3757356A46424E6538525831693859592B614A47306142386742706C647748446F796851625548707253553845756F6A4555304B4D53414B436A364942684D657538664D7662744E6162666476592B6C32367954624C72707A70787A356E646E7A7379642B373943675974474A743149364E77636B4E456F67344442595038644247712B413349612B4433394F5932593739704F716E794C784865654B6D534955676A6A756D4469434D71536B30426D49307A7835554E70424B306E57625A543175382B357374576C7361424174426F2B484867595742363049476D375455414830764D7167764B666941414E4649354733515A516A696F774871316F3167674B795865584F2F586E79384157684D4F45394A6C396C44766B364C317047536C4A437A4C71337450414C5136504A77795867624D6B432B47556B655356325364396250625946774430456A4658435330484853305732654672532F74614F704669626473637550484651434E564C3646364E4E7548467A3275696F724A4E3738544C352B3877616730664265344C35384466647876583053732B37504A3461384147673072506B594B37593645724E793969396E4259315772414E5A554779647979386558532B786C7572653676594B514776443153694A2F4A77566153326852745A613633714B726B634147716B63692B6A2B4975325775374255786B6D382B554332526C6B4236474F5442334C68334B6641574865656972623241516155543550336D2F3773476D4632414E48776D694C61354152467455356931734B63414A7A744C633142655330714F796B7175323662753430416A565A7336627539666146786162334557755A30396E494A41507575546E524C6F63506F552F7371637A7266525859424547362B624C653066555642735352755657626364774249483261593546634B5A57486D554B557A67455A6763696E30486D69536D47556631646B41744359386B6843485058642B304641776E38745A666A304F5A2F3777376A48464B456C59527877413059726E514637335A4B31714555795A35366D7037305A37476D484E6178374E36504D5361336E444152414A66346B7733704F6C6C3936446B58643461757137305A4644384F705362326155566F6C62453052727867386A564862436D35563071796C7A6F5771784C784F75476C2B384142745851394E6D563832365655346C62784B4E684A6367764F765A306A58587764396E594F426742384B3942543459337238624E71787935762B64592B42516D2B6651555A614B316F5A586F447A6C326372794F6D6A3443505A3937706777414177494179544963754959624B3644746A3177396255776654354D6D772B314855753665322F4332364C526342796F6364383633574A742B726168745245614E73444A6E3577664441517A4E59496F4F396244707651575A647845702B4D6A526A6D572F51434168414867622F3350414444422F485861475132373073387254484B73577549395358363946375A2B434D634F7737436259566F56544A68364B564A2F414A6F4D67495041474D3858716A4F416A424554754C6C714A6B7562346A5A4A6E6A72686A435A726839502B6F566B77597746636235367064696E2B414C515A41456542455945434D4D59756E486367624539414D706C2F6B6A535A2F5A4D596E5030485274336C64507A755867366A2F5145344A6871744F417479566541414D67595048334967664A732B5865737053583533304C6E713333384656355937485A395A44614779336B507A4255442F4C5479415450676D4C32794C4F30756D4B59382B43304F4877772F66775045666F6133562B663839447A6764762B33322F4B364A667741466D674C5A776A6372784C5945374E33562F646362686A67647235795A5838637A745877427745794241695442584630775365356F4F2F787946496264346D52343839634D666266464877413743516133444C6F4E506F6A362F67445979324177473645674F755046686A38414366396234577A374143386438647247447742374B31786273516956565637393036384236474B785A5778792F726553424B425844736B6369487A6D57633757583065413069687861326F61514D564352465A374767564233765735446344634B337A7770747457546E33564A795465737359425949534E5636544D505947333068385052532B47626A5843793837483475625771314143523239674339657151574C574447502B2F77636A6E534672704951666A646D356F4E51666A746F5153766E7875413267314155537A69676F59596D4D44634157513873587861634839726F75536A744A665443626D4C6F586D5A7752526374477279364C71703371764A3545314C304C4A6675444F446F5836527A693654796B7376314B4A4E3056523037526445344136615259756D4C70444E4C2B4A5A724F4C5A4C4F39437576456441426F542B4970334F496F37764F455663413074746C49364A2B70776831784164516562496E5558525075644931414275434936593234707A6965576C7151506B4C326354517552594A54774136706B5370766A62586C57724A766A6A5A4459547A3675776A425252634E674762692B375632573467624F476C7A6B4A6C706D6635586363386F7858523761526B7178453235707254626E2F336C5150796357624C384B52734E694647756E7039507355524E466B76696461542B666A785775632F52776378527A595466415141414141415355564F524B35435949493D, '重要公告', '/importantNotice');
INSERT INTO `image` VALUES (6, 0x646174613A696D6167652F706E673B6261736536342C6956424F5277304B47676F414141414E5355684555674141414541414141424143415941414143716158486541414148356B6C455156523458755662445977635A526C2B33726D724545496B716362457968482F6A74765A61774B474A68676839486132615773354967516C4A4E7A4F746D433046567546476768703157723831316869457770496633616D466655534D44583976353039517767516945326B75374D494674714B4A76495452583473657A75506D643237792F56755A6E5A325A6E624C68532B35354F37322F5A3733655A2B64372F7665372F76654558536832554D6A51346F6966585867457148306961435037752B515073494249436362503851704155383678436D413566533465627A54394B5154446C355976716276544C322B5648473445694C58416668674A442F4569794C59523847592F4B2F3354366E48642F3433456B3541703851454B4B2B34625346717451304B63413241544E4A45416277463441694241326E4C654367702F455145734456395059454E416E77364B574B424F4F5134674731717958776B72723959416C537A2B567449726764775A5677694566732F4173665A706F37766351574A3143494A554D336B72344A7745344850522F4B6163436342486A7254793032584854482F3153353032774C596D76353141443846634547377A6A707366397742767A466F6D56593766746F536F4A4C5664776878617A734F7A6F487442745579746F583147316F415739502F444F417A59594850715A33775162566F666A554D68314143324A724F4D4744764A52734342394F5773616F56703559433246702B483041336D5A6C33546342314B637538503468346F4144752B673767562F4D7538706D454853635474457A364376426364765831447031484F78553877516D426E414477436F4746416C6B496343474142516E37664C4D58636E6D2F566669624636366E414E5768334249714741506B6F67544A76435041586A724F336E71766E4667385A7037797771356B63717345754255694E79626C6D38545967764D764775342F754F334D624578764154543951494A4A7A74394A2F4A6766654F65336734644858773862314F5358734247516D3850324362496A354964707137433570514354366532654A4A77434D6772685A72566F2F445571586957372B6D61467A6E6349714645784A767539306150777335654F6D665A4D6E446C50674B337054796152322F7370486955494F354F2F4175496341755444556670503952466765386F797675597251464B7A7670656A4F4D5464766E5A57487762787837673451726B3656536F38506B4F5535712F75666C357174616669626D6B6E392B76584268477461766C31414163495753546768513535516C475559366C6959556451507A756265774355723851525151532F5378574E36586C6C656769554E58324C416E7733446E697A4C39656F6C726E6244386657394A4D414C76483858484159645757744F7237374A612F506D304F427A38546C7141437242697A6A6F49737A4C55416C6F7A386D6771746A67722F30626938585833624564453976356A51376B373848776838462B35436A7A6F6665486834634858335845794F7248774B78496735504576656C5338627430774A556C2B632B77596C4755684B332F5561316A467538514A3750726B6C507346344F343044416D314B574F65706C573956306B384249474A77416D354F715A587838576F434B6C6C386E344830785161474139777859356B2B38634E6F5A5967726C7A6F46535961766E4536446C66774677593179754A4B394E6C3877446A5346517965682F454D4558346F4969494F2B324E6430393468344D34304E45526C4C46776C37764A79432F6C654133772B4145325A44636B53365A58323449594775366539783859567851422F6A656F4756736D59316A612F7250415877724E4C356777433935716D723552776C654878724C7A3542345253305A4878483330674B4B556F6F4E4F415867385253306435346775315772734D61506A3633704C774A6F6A4E2F597A58457938707957797A6B51497A625932514437484F43592B3638326C3959794847585962786B735A334A584B694A757070704D552B534C557446796D775479673251515936475549566971466F3358664C2F397250343069435778764D7A734C466772646B612F48344A513532654A4F5A344C39495271475A384C7772637A2B6C45496C69584A6765426D71577236666749747A3836536444774C363965715A51536D742B30736F653378354661784E66315A414976623635694D74642B714D524F397169577A37486B784A6D424B5663762F6D3243534A7A2B6831416B58764C3654674F2B4B454D7052674A45414238365641452B6B6E453965492B4E624A674B574F2F66693834613451516231627768774C6F59414B635070556D472F48376D717068634A614A304D3373576548414A646E6751462B3957694D657A2F7A65643341567A64366543622B4F346B324F566C6B4D4432394B786A71616C674B356E6358534C6958727832705457577757346E51694A79643670592B4E6E7343437372526A3471745A356E4143377153765375457A6352366C41713742384465614E585A55645A79363156494E753746727A72794532464539384D7459724152774262797A384D4D4A453767465955706A39334E3050754837616D2F7964794A56646F623033446743337A6151415874776B5833567A775437566F4C476F4B6B4D6E7467596A6E55565A30442F34396536566E734C2B34717A4A6C5957763533775038556964382B57494B66716B576A59304E4163705A665551687A47345349484661774F6146706368514E3330334838586D72584644414C657773545A523937797337447178376A68385162574D2F755A434D4E6C735458654C697A7052344F6758307373676E346549532B526A33596D373659575165394E573459367A424F6A636C744D7A744C4D4B6D5A4B366B6773726F674F73477078394D5A4C553156684C456A346E783931616A6E3276786871725163644C59755166716C587766647972576630596963746269686A4477506479644D5A636B4D6A3175436448636C77746D62377A544B654859637672635A643073675553633252345762554D3332516E71646F456E77636B584946455134526B5332544F3469506748536E4C76486332795534507639416C4D6730424D766D724B447A53715870676B6E656E532B62306A7244544579434A4A32734C754D7A7231747133544736794B4470307A57324565656C566B4D63687971556433674B666363696C6779587A4B532B4F67595753383651344F6C42374957354C6C597964666B5968536D586E555A48306E4369355662584D4F344D5561696E415A4834773734716C415235564C584E357136455A536F436D43504F6E614A71516236657451716A377A744143644364546250563968666963584B6D577A4D4D684C42736D62516E67646D6757556464334A317848484A61767278334278785A493739715A42793168514E73576F4A456E444F5757514A48764A3168504849617272343337306C54506566574E2F51663376744575554351427070793862312B623830706A3335637654733455776A315055477131395353574A5642774F66644A4672774E537048677676666371374F7A326271466C38364573684C6B4368466B6F316167696543302B3749444852772B722F66385135386165394139766B2B30785A6F44776A4B4A3876713830674D375654542B45745A48564C762F4137716F4E5A3750486643464141414141456C46546B5375516D4343, '使用帮助', '/instructions');

-- ----------------------------
-- Table structure for import_notice
-- ----------------------------
DROP TABLE IF EXISTS `import_notice`;
CREATE TABLE `import_notice`  (
  `id` int(11) NOT NULL AUTO_INCREMENT COMMENT 'id',
  `title` varchar(255) CHARACTER SET utf8mb4 COLLATE utf8mb4_unicode_ci NULL DEFAULT NULL COMMENT '标题',
  `content` varchar(1000) CHARACTER SET utf8mb4 COLLATE utf8mb4_unicode_ci NULL DEFAULT NULL COMMENT '内容',
  `date` timestamp NULL DEFAULT CURRENT_TIMESTAMP COMMENT '存储时间',
  PRIMARY KEY (`id`) USING BTREE
) ENGINE = InnoDB AUTO_INCREMENT = 10 CHARACTER SET = utf8mb4 COLLATE = utf8mb4_unicode_ci ROW_FORMAT = Dynamic;

-- ----------------------------
-- Records of import_notice
-- ----------------------------
INSERT INTO `import_notice` VALUES (1, '社旗县应急管理局关于《烟花爆竹经营（零售）许可证》逾期自动作废的公告', '我局2020年行政许可的《烟花爆竹经营（零售）许可证》，有效期一年，自2019年12月31日起至2020年12月31日止，逾期自动作废，请广大烟花爆竹零售商户自觉遵守我县烟花爆竹禁售的有关规定，对于擅自经营者，我局将依法予以处理。', '2022-03-09 15:35:11');

-- ----------------------------
-- Table structure for instructions_help
-- ----------------------------
DROP TABLE IF EXISTS `instructions_help`;
CREATE TABLE `instructions_help`  (
  `id` int(11) NOT NULL AUTO_INCREMENT COMMENT 'id',
  `title` varchar(255) CHARACTER SET utf8mb4 COLLATE utf8mb4_unicode_ci NULL DEFAULT NULL COMMENT '题目',
  `content` varchar(255) CHARACTER SET utf8mb4 COLLATE utf8mb4_unicode_ci NULL DEFAULT NULL COMMENT '内容',
  `date` timestamp NULL DEFAULT CURRENT_TIMESTAMP COMMENT '日期',
  PRIMARY KEY (`id`) USING BTREE
) ENGINE = InnoDB AUTO_INCREMENT = 6 CHARACTER SET = utf8mb4 COLLATE = utf8mb4_unicode_ci ROW_FORMAT = Dynamic;

-- ----------------------------
-- Records of instructions_help
-- ----------------------------
INSERT INTO `instructions_help` VALUES (1, '如何上报安全生产隐患信息?', '(1)进入系统,点击\"信息上报\"按钮 \r\n', '2022-03-17 12:57:27');
INSERT INTO `instructions_help` VALUES (2, '如何修改已填写安全生产隐患信息?', '(1)进入系统,点击\"信息上报\"按钮', '2022-03-17 12:58:27');
INSERT INTO `instructions_help` VALUES (3, '如何填写安全生产隐患整改信息?', '(1)进入系统 ,点击\"整改反馈\" 按钮,进入安全隐患整改填报页面。', '2022-03-17 12:58:44');
INSERT INTO `instructions_help` VALUES (4, '如何查看安全隐患整改历史?', '(1)进入系统点击\"信息上报\",然后点击历史记录', '2022-03-17 12:58:57');
INSERT INTO `instructions_help` VALUES (5, '如何修改密码?', '(1) 在信息填报页面,点击右上角的用户图标,进入个人资料修改页面。      \r\n(2) 点击右上角修改密码,进入修改密码页面 ', '2022-03-17 12:59:16');

-- ----------------------------
-- Table structure for menu
-- ----------------------------
DROP TABLE IF EXISTS `menu`;
CREATE TABLE `menu`  (
  `id` int(11) NOT NULL AUTO_INCREMENT COMMENT 'id',
  `name` varchar(255) CHARACTER SET utf8mb4 COLLATE utf8mb4_unicode_ci NULL DEFAULT NULL COMMENT '名称',
  `path` varchar(255) CHARACTER SET utf8mb4 COLLATE utf8mb4_unicode_ci NULL DEFAULT NULL COMMENT '路径',
  `icon` varchar(255) CHARACTER SET utf8mb4 COLLATE utf8mb4_unicode_ci NULL DEFAULT NULL COMMENT '图标',
  `description` varchar(255) CHARACTER SET utf8mb4 COLLATE utf8mb4_unicode_ci NULL DEFAULT NULL COMMENT '描述',
  `pid` int(11) NULL DEFAULT NULL COMMENT '父级id',
  `page_path` varchar(255) CHARACTER SET utf8mb4 COLLATE utf8mb4_unicode_ci NULL DEFAULT NULL COMMENT '页面路径',
  `sort_num` int(11) NULL DEFAULT NULL COMMENT '排序',
  PRIMARY KEY (`id`) USING BTREE
) ENGINE = InnoDB AUTO_INCREMENT = 12 CHARACTER SET = utf8mb4 COLLATE = utf8mb4_unicode_ci ROW_FORMAT = DYNAMIC;

-- ----------------------------
-- Records of menu
-- ----------------------------
INSERT INTO `menu` VALUES (1, '主页', '/welcome', 'el-icon-house', '1', NULL, 'Welcome', NULL);
INSERT INTO `menu` VALUES (2, '系统管理', '', 'el-icon-s-grid', '2', NULL, NULL, NULL);
INSERT INTO `menu` VALUES (3, '菜单管理', '/menu', 'el-icon-menu', '3', 2, 'Menu', NULL);
INSERT INTO `menu` VALUES (4, '用户管理', '/user', 'el-icon-user', NULL, 2, 'User', NULL);
INSERT INTO `menu` VALUES (5, '文件管理', '/file', 'el-icon-files', NULL, 2, 'File', NULL);
INSERT INTO `menu` VALUES (6, '角色管理', '/role', 'el-icon-s-custom', NULL, 2, 'Role', NULL);
INSERT INTO `menu` VALUES (7, '信息上报', '/information_reported', 'el-icon-s-promotion', NULL, NULL, 'Information_reported', NULL);
INSERT INTO `menu` VALUES (9, 'sss', '/news', 'el-icon-menu', 'sss', NULL, 'News', NULL);
INSERT INTO `menu` VALUES (10, '警示案例', '/detail', 'el-icon-warning', '案例详情', NULL, 'Detail', NULL);
INSERT INTO `menu` VALUES (11, '视频播放', '/video', 'el-icon-video-play', 'vvv', NULL, 'Video', NULL);

-- ----------------------------
-- Table structure for report
-- ----------------------------
DROP TABLE IF EXISTS `report`;
CREATE TABLE `report`  (
  `id` int(11) NOT NULL AUTO_INCREMENT COMMENT '序号',
  `address` varchar(255) CHARACTER SET utf8mb4 COLLATE utf8mb4_unicode_ci NULL DEFAULT NULL COMMENT '隐患具体地点',
  `territory` varchar(255) CHARACTER SET utf8mb4 COLLATE utf8mb4_unicode_ci NULL DEFAULT NULL COMMENT '隐患区域',
  `classification` varchar(255) CHARACTER SET utf8mb4 COLLATE utf8mb4_unicode_ci NULL DEFAULT NULL COMMENT '隐患企业行业分类',
  `enterprise_name` varchar(255) CHARACTER SET utf8mb4 COLLATE utf8mb4_unicode_ci NULL DEFAULT NULL COMMENT '隐患企业名称',
  `contact_person` varchar(255) CHARACTER SET utf8mb4 COLLATE utf8mb4_unicode_ci NULL DEFAULT NULL COMMENT '负责人姓名',
  `phone` varchar(255) CHARACTER SET utf8mb4 COLLATE utf8mb4_unicode_ci NULL DEFAULT NULL COMMENT '手机号',
  `detail` varchar(255) CHARACTER SET utf8mb4 COLLATE utf8mb4_unicode_ci NULL DEFAULT NULL COMMENT '隐患详情',
  `proposal` varchar(255) CHARACTER SET utf8mb4 COLLATE utf8mb4_unicode_ci NULL DEFAULT NULL COMMENT '整改建议',
  `term` varchar(255) CHARACTER SET utf8mb4 COLLATE utf8mb4_unicode_ci NULL DEFAULT NULL COMMENT '整改期限',
  `enable` tinyint(1) NULL DEFAULT 1 COMMENT '是否开启',
  `create_time` datetime NULL DEFAULT CURRENT_TIMESTAMP COMMENT '上报时间',
  `update_time` datetime NULL DEFAULT CURRENT_TIMESTAMP ON UPDATE CURRENT_TIMESTAMP COMMENT '最近反馈时间',
  `result` varchar(255) CHARACTER SET utf8mb4 COLLATE utf8mb4_unicode_ci NULL DEFAULT NULL COMMENT '最近整改结果',
  `measures` varchar(255) CHARACTER SET utf8mb4 COLLATE utf8mb4_unicode_ci NULL DEFAULT NULL COMMENT '最近整改措施',
  PRIMARY KEY (`id`) USING BTREE
) ENGINE = InnoDB AUTO_INCREMENT = 25 CHARACTER SET = utf8mb4 COLLATE = utf8mb4_unicode_ci ROW_FORMAT = DYNAMIC;

-- ----------------------------
-- Records of report
-- ----------------------------
INSERT INTO `report` VALUES (1, '大冯营乡', '赊店镇', '机械行业', '第一拖拉机厂', '李刚', '16638948216', '易燃易爆品管理不规范，不符合安全生产规范要求', '111111', '7天', 1, '2022-02-21 16:55:27', '2022-03-10 10:24:48', '暂未上报', '无');
INSERT INTO `report` VALUES (3, '2', '2', '2', '2', '2', '3', '2', '2', '2', 1, '2022-02-23 14:17:40', '2022-02-23 14:37:31', '2', '2');
INSERT INTO `report` VALUES (15, '5', '5', '5', '5', '5', '5', '5', '5', '5', 1, '2022-03-03 15:14:55', '2022-03-03 15:14:55', '5', '5');
INSERT INTO `report` VALUES (16, 'aaaa', 'aaaa', '废弃资源回收加工业', 'aaaa', 'aaa', 'aaaaaaa', 'aaaa', 'aaaaaa', 'aaa', 1, '2022-03-03 16:02:29', '2022-03-15 17:01:05', 'aaaaaaa', 'aaaaaaa');
INSERT INTO `report` VALUES (22, 'da', 'da', '药品生产企业', 'da', 'dad', 'da', 'da', 'a', 'addadad', 1, '2022-03-15 17:14:34', '2022-03-16 10:29:54', 'a', 'dad');
INSERT INTO `report` VALUES (23, '6', '6', '6', '6', '6', '6', '6', '6', '6', 1, '2022-03-24 17:20:19', '2022-03-24 17:20:19', '6', '6');
INSERT INTO `report` VALUES (24, '7', '7', '7', '7', '7', '7', '7', '7', '7', 1, '2022-03-24 18:00:29', '2022-03-24 18:00:29', '7', '7');

-- ----------------------------
-- Table structure for role
-- ----------------------------
DROP TABLE IF EXISTS `role`;
CREATE TABLE `role`  (
  `id` int(11) NOT NULL AUTO_INCREMENT COMMENT 'id',
  `name` varchar(50) CHARACTER SET utf8mb4 COLLATE utf8mb4_unicode_ci NULL DEFAULT NULL COMMENT '名称',
  `description` varchar(255) CHARACTER SET utf8mb4 COLLATE utf8mb4_unicode_ci NULL DEFAULT NULL COMMENT '描述',
  `flag` varchar(50) CHARACTER SET utf8mb4 COLLATE utf8mb4_unicode_ci NULL DEFAULT NULL COMMENT '唯一标识',
  PRIMARY KEY (`id`) USING BTREE
) ENGINE = InnoDB AUTO_INCREMENT = 4 CHARACTER SET = utf8mb4 COLLATE = utf8mb4_unicode_ci ROW_FORMAT = DYNAMIC;

-- ----------------------------
-- Records of role
-- ----------------------------
INSERT INTO `role` VALUES (1, '管理员', '管理员', 'ROLE_ADMIN');
INSERT INTO `role` VALUES (2, '普通用户', '普通用户', 'ROLE_USER');
INSERT INTO `role` VALUES (3, '采集人', '采集人', 'ROLE_PERSON');

-- ----------------------------
-- Table structure for role_menu
-- ----------------------------
DROP TABLE IF EXISTS `role_menu`;
CREATE TABLE `role_menu`  (
  `role_id` int(11) NOT NULL COMMENT '角色id',
  `menu_id` int(11) NOT NULL COMMENT '菜单id',
  PRIMARY KEY (`role_id`, `menu_id`) USING BTREE
) ENGINE = InnoDB CHARACTER SET = utf8mb4 COLLATE = utf8mb4_unicode_ci COMMENT = '角色菜单关系表' ROW_FORMAT = DYNAMIC;

-- ----------------------------
-- Records of role_menu
-- ----------------------------
INSERT INTO `role_menu` VALUES (1, 1);
INSERT INTO `role_menu` VALUES (1, 2);
INSERT INTO `role_menu` VALUES (1, 3);
INSERT INTO `role_menu` VALUES (1, 4);
INSERT INTO `role_menu` VALUES (1, 5);
INSERT INTO `role_menu` VALUES (1, 6);
INSERT INTO `role_menu` VALUES (1, 7);
INSERT INTO `role_menu` VALUES (1, 10);
INSERT INTO `role_menu` VALUES (1, 11);
INSERT INTO `role_menu` VALUES (2, 1);
INSERT INTO `role_menu` VALUES (3, 1);
INSERT INTO `role_menu` VALUES (3, 7);

-- ----------------------------
-- Table structure for t_comment
-- ----------------------------
DROP TABLE IF EXISTS `t_comment`;
CREATE TABLE `t_comment`  (
  `id` int(11) NOT NULL AUTO_INCREMENT COMMENT 'id',
  `content` varchar(255) CHARACTER SET utf8mb4 COLLATE utf8mb4_unicode_ci NULL DEFAULT NULL COMMENT '内容',
  `user_id` int(11) NULL DEFAULT NULL COMMENT '反馈人id',
  `time` varchar(50) CHARACTER SET utf8mb4 COLLATE utf8mb4_unicode_ci NULL DEFAULT NULL COMMENT '反馈时间',
  `pid` int(11) NULL DEFAULT NULL COMMENT '父id',
  `origin_id` int(11) NULL DEFAULT NULL COMMENT '祖宗id',
  `report_id` int(11) NULL DEFAULT NULL COMMENT '隐患信息报告id',
  PRIMARY KEY (`id`) USING BTREE
) ENGINE = InnoDB AUTO_INCREMENT = 33 CHARACTER SET = utf8mb4 COLLATE = utf8mb4_unicode_ci ROW_FORMAT = Dynamic;

-- ----------------------------
-- Records of t_comment
-- ----------------------------
INSERT INTO `t_comment` VALUES (1, '测试内容', 13, '2022-03-17 17:55:40', NULL, NULL, 1);
INSERT INTO `t_comment` VALUES (2, '测试什么', 13, '2022-03-18 10:22:40', NULL, NULL, 1);
INSERT INTO `t_comment` VALUES (31, 'asdadadada', 13, '2022-04-19 13:17:10', NULL, NULL, 5);
INSERT INTO `t_comment` VALUES (32, 'dasdasdasd', 13, '2022-04-19 13:25:09', NULL, NULL, 22);

-- ----------------------------
-- Table structure for upload_image
-- ----------------------------
DROP TABLE IF EXISTS `upload_image`;
CREATE TABLE `upload_image`  (
  `id` int(11) NOT NULL AUTO_INCREMENT COMMENT 'id',
  `file` varchar(255) CHARACTER SET utf8mb4 COLLATE utf8mb4_unicode_ci NULL DEFAULT NULL COMMENT '文件',
  `message` varchar(255) CHARACTER SET utf8mb4 COLLATE utf8mb4_unicode_ci NULL DEFAULT NULL COMMENT '消息',
  `content` longblob NULL COMMENT '内容',
  `status` varchar(255) CHARACTER SET utf8mb4 COLLATE utf8mb4_unicode_ci NULL DEFAULT NULL COMMENT '状态码',
  PRIMARY KEY (`id`) USING BTREE
) ENGINE = InnoDB AUTO_INCREMENT = 1 CHARACTER SET = utf8mb4 COLLATE = utf8mb4_unicode_ci ROW_FORMAT = DYNAMIC;

-- ----------------------------
-- Records of upload_image
-- ----------------------------

-- ----------------------------
-- Table structure for user
-- ----------------------------
DROP TABLE IF EXISTS `user`;
CREATE TABLE `user`  (
  `id` int(11) NOT NULL AUTO_INCREMENT COMMENT 'id',
  `username` varchar(255) CHARACTER SET utf8mb4 COLLATE utf8mb4_unicode_ci NULL DEFAULT NULL COMMENT '用户名',
  `password` varchar(255) CHARACTER SET utf8mb4 COLLATE utf8mb4_unicode_ci NULL DEFAULT NULL COMMENT '密码',
  `account` varchar(255) CHARACTER SET utf8mb4 COLLATE utf8mb4_unicode_ci NULL DEFAULT NULL COMMENT '账号名',
  `territory` varchar(255) CHARACTER SET utf8mb4 COLLATE utf8mb4_unicode_ci NULL DEFAULT NULL COMMENT '负责区域',
  `assess_time` timestamp NULL DEFAULT CURRENT_TIMESTAMP COMMENT '修改时间',
  `phone` varchar(255) CHARACTER SET utf8mb4 COLLATE utf8mb4_unicode_ci NULL DEFAULT NULL COMMENT '手机号',
  `avatar_url` varchar(255) CHARACTER SET utf8mb4 COLLATE utf8mb4_unicode_ci NULL DEFAULT NULL COMMENT '头像',
  `role` varchar(50) CHARACTER SET utf8mb4 COLLATE utf8mb4_unicode_ci NULL DEFAULT NULL COMMENT '角色',
  PRIMARY KEY (`id`) USING BTREE
) ENGINE = InnoDB AUTO_INCREMENT = 33 CHARACTER SET = utf8mb4 COLLATE = utf8mb4_unicode_ci COMMENT = '用户信息表' ROW_FORMAT = DYNAMIC;

-- ----------------------------
-- Records of user
-- ----------------------------
INSERT INTO `user` VALUES (1, 'test01', '123456', '测试人员', '田庄乡', '2022-01-21 16:12:24', '16638948216', 'https://joeschmoe.io/api/v1/james', 'ROLE_PERSON');
INSERT INTO `user` VALUES (2, 'zhu', '123456', '猪八戒', '花果山1', '2022-01-24 18:35:50', '13721660956', 'http://localhost:8088/file/f0de4fe258ab467692fb3c080defc9d4.gif', 'ROLE_ADMIN');
INSERT INTO `user` VALUES (4, 'aaa', NULL, NULL, NULL, '2022-01-25 14:05:50', '1234', 'https://joeschmoe.io/api/v1/jazebelle', NULL);
INSERT INTO `user` VALUES (6, 'ccc', NULL, NULL, NULL, '2022-01-25 14:06:00', NULL, 'https://joeschmoe.io/api/v1/jean', NULL);
INSERT INTO `user` VALUES (7, 'ddd', NULL, NULL, NULL, '2022-01-25 14:06:07', '1234', 'https://joeschmoe.io/api/v1/jodi', NULL);
INSERT INTO `user` VALUES (8, 'dasdad', NULL, 'dasdada', 'dasdada', '2022-01-27 16:11:22', 'dasdasdad', 'https://joeschmoe.io/api/v1/jordan', NULL);
INSERT INTO `user` VALUES (9, 'ssss', NULL, 'ssssss', '', '2022-11-27 17:08:00', '17337946066', 'https://joeschmoe.io/api/v1/jocelyn', NULL);
INSERT INTO `user` VALUES (10, 'eeeeeeeee', NULL, 'eeeeeeeeeeeeeeeeeee', '', '2022-10-27 17:09:47', '17337940246', 'https://joeschmoe.io/api/v1/jane', NULL);
INSERT INTO `user` VALUES (11, 'tang1', NULL, '唐僧', '', '2022-09-27 17:30:54', '13838818236', 'https://joeschmoe.io/api/v1/jia', NULL);
INSERT INTO `user` VALUES (12, 'sbsbsb', 'sbsbsb', 'sbsbsb', '1111111', '2022-02-10 09:40:27', NULL, 'https://zos.alipayobjects.com/rmsportal/ODTLcjxAfvqbxHnVXCYX.png', NULL);
INSERT INTO `user` VALUES (13, 'admin', '5tgb@WSX', '管理员', NULL, '2022-02-10 10:14:48', NULL, NULL, 'ROLE_ADMIN');
INSERT INTO `user` VALUES (26, 'bbb', '', '11111111', '11111', '2022-05-14 13:58:03', '13111313131', '', NULL);
INSERT INTO `user` VALUES (27, 'nz', '123', '哪吒', NULL, '2022-03-18 14:30:21', NULL, NULL, NULL);
INSERT INTO `user` VALUES (28, 'lx', '123', '李信', NULL, '2022-04-18 14:31:01', NULL, NULL, NULL);
INSERT INTO `user` VALUES (29, 'ys', '123', '亚索', NULL, '2022-05-18 14:31:24', NULL, NULL, NULL);
INSERT INTO `user` VALUES (30, 'mao', '123', '猫咪', NULL, '2022-06-18 14:32:54', NULL, NULL, NULL);
INSERT INTO `user` VALUES (31, 'anni', '123', '安妮', NULL, '2022-07-18 14:34:18', NULL, NULL, NULL);
INSERT INTO `user` VALUES (32, 'ruiwen', '1234567', '锐雯', NULL, '2022-08-18 14:34:51', '16635353535', NULL, 'ROLE_USER');

-- ----------------------------
-- Triggers structure for table report
-- ----------------------------
DROP TRIGGER IF EXISTS `upd_time`;
delimiter ;;
CREATE TRIGGER `upd_time` BEFORE UPDATE ON `report` FOR EACH ROW begin
	set new.update_time=now();
end
;;
delimiter ;

SET FOREIGN_KEY_CHECKS = 1;
